file,dimensions,mode
01_Core_Logo/01_full_colour_master_logo_transparent.png,1254x1254,RGBA
01_Core_Logo/02_full_colour_logo_warm_ivory.png,1600x1600,RGBA
01_Core_Logo/03_full_colour_logo_deep_charcoal.png,1600x1600,RGBA
01_Core_Logo/04_symbol_only_transparent.png,1400x1400,RGBA
01_Core_Logo/05_symbol_only_light_background.png,1200x1200,RGBA
01_Core_Logo/06_symbol_only_dark_background.png,1200x1200,RGBA
02_Lockups/07_horizontal_logo_lockup_transparent.png,2400x800,RGBA
02_Lockups/08_centred_stacked_logo_lockup_transparent.png,1600x1800,RGBA
02_Lockups/09_compact_horizontal_lockup_transparent.png,2200x480,RGBA
02_Lockups/10_formal_logo_name_motto_warm_ivory.png,1800x1900,RGBA
02_Lockups/11_horizontal_logo_name_motto_dark.png,2800x900,RGBA
03_Website_Payhip/12_website_hero_background_light.png,2400x1200,RGBA
03_Website_Payhip/13_website_hero_background_dark.png,2400x1200,RGBA
03_Website_Payhip/14_website_section_divider_background.png,2400x420,RGBA
03_Website_Payhip/15_website_footer_background.png,2400x720,RGBA
03_Website_Payhip/16_payhip_storefront_banner.png,2400x800,RGBA
03_Website_Payhip/17_payhip_product_card_template.png,1600x1600,RGBA
03_Website_Payhip/18_payhip_promotional_square_template.png,1600x1600,RGBA
04_Social_Advertising/19_social_profile_avatar.png,1080x1080,RGBA
04_Social_Advertising/20_social_promotional_square.png,1080x1080,RGBA
04_Social_Advertising/21_social_ad_landscape_banner.png,1920x1080,RGBA
04_Social_Advertising/22_social_ad_vertical.png,1080x1920,RGBA
04_Social_Advertising/23_open_graph_social_share_image.png,1200x630,RGBA
05_Small_Digital/24_favicon.ico,256x256,RGBA
05_Small_Digital/24_favicon_512.png,512x512,RGBA
05_Small_Digital/25_browser_app_icon.png,1024x1024,RGBA
05_Small_Digital/26_small_document_icon.png,512x512,RGBA
05_Small_Digital/27_email_signature_asset_transparent.png,1400x320,RGBA
05_Small_Digital/28_compact_website_footer_mark_transparent.png,1000x220,RGBA
06_Documents_Presentations/29_report_title_page_light.png,2480x3508,RGBA
06_Documents_Presentations/30_report_title_page_dark.png,2480x3508,RGBA
06_Documents_Presentations/31_document_section_divider.png,2480x3508,RGBA
06_Documents_Presentations/32_presentation_title_slide_light.png,1920x1080,RGBA
06_Documents_Presentations/33_presentation_title_slide_dark.png,1920x1080,RGBA
06_Documents_Presentations/34_presentation_section_divider_slide.png,1920x1080,RGBA
06_Documents_Presentations/35_presentation_closing_slide.png,1920x1080,RGBA
07_Backgrounds/36_warm_ivory_background.png,2400x1600,RGBA
07_Backgrounds/37_soft_parchment_background.png,2400x1600,RGBA
07_Backgrounds/38_deep_charcoal_background.png,2400x1600,RGBA
07_Backgrounds/39_near_black_background.png,2400x1600,RGBA
07_Backgrounds/40_deep_purple_background.png,2400x1600,RGBA
07_Backgrounds/41_muted_sage_background.png,2400x1600,RGBA
07_Backgrounds/42_subtle_purple_to_charcoal_background.png,2400x1600,RGBA
07_Backgrounds/43_subtle_ivory_to_gold_background.png,2400x1600,RGBA
08_Accents/44_light_organic_edge_accent.png,2400x800,RGBA
08_Accents/45_dark_organic_edge_accent.png,2400x800,RGBA
08_Accents/46_subtle_purple_sage_gold_flowing_accent.png,2400x650,RGBA
08_Accents/47_minimal_corner_accent.png,1200x1200,RGBA
08_Accents/48_minimal_section_opening_accent.png,1800x500,RGBA
